user_id,name,last_name,city,phone
10,Alice,Smith,New York,+1-212-555-1010
11,Bob,Johnson,Los Angeles,+1-310-555-1111
12,Charlie,Brown,Chicago,+1-312-555-1212
13,Diana,Williams,Houston,+1-713-555-1313
14,Eve,Jones,Phoenix,+1-602-555-1414
15,Frank,Miller,Philadelphia,+1-215-555-1515
16,Grace,Davis,San Antonio,+1-210-555-1616
17,Hank,Garcia,San Diego,+1-619-555-1717
18,Ivy,Martinez,Dallas,+1-214-555-1818
19,Jack,Robinson,Austin,+1-512-555-1919
20,Kate,Clark,Jacksonville,+1-904-555-2020
21,Leo,Rodriguez,Fort Worth,+1-817-555-2121
22,Mia,Lewis,Columbus,+1-614-555-2222
23,Noah,Walker,Charlotte,+1-704-555-2323
24,Olivia,Hall,Detroit,+1-313-555-2424
25,Paul,Allen,El Paso,+1-915-555-2525
26,Quinn,Young,Memphis,+1-901-555-2626
27,Rose,Hernandez,Boston,+1-617-555-2727
28,Sam,King,Seattle,+1-206-555-2828
29,Tina,Wright,Denver,+1-303-555-2929
30,Una,Lopez,Washington,+1-202-555-3030
31,Victor,Hill,Nashville,+1-615-555-3131
32,Wendy,Scott,Oklahoma City,+1-405-555-3232
33,Xena,Green,Portland,+1-503-555-3333
34,Yuri,Adams,Las Vegas,+1-702-555-3434
35,Zoe,Baker,Louisville,+1-502-555-3535
36,Adam,Gonzalez,Baltimore,+1-410-555-3636
37,Bella,Nelson,Milwaukee,+1-414-555-3737
38,Carl,Carter,Albuquerque,+1-505-555-3838
39,Daisy,Mitchell,Tucson,+1-520-555-3939
40,Ethan,Perez,Fresno,+1-559-555-4040
41,Fiona,Roberts,Sacramento,+1-916-555-4141
42,George,Phillips,Kansas City,+1-816-555-4242
43,Hope,Campbell,Long Beach,+1-562-555-4343
44,Ian,Parker,Mesa,+1-480-555-4444
45,Julia,Evans,Atlanta,+1-404-555-4545
46,Kevin,Edwards,Colorado Springs,+1-719-555-4646
47,Laura,Collins,Raleigh,+1-919-555-4747
48,Mike,Stewart,Miami,+1-305-555-4848
49,Nina,Sanchez,Virginia Beach,+1-757-555-4949
50,Oscar,Morris,Omaha,+1-402-555-5050
51,Pam,Rogers,Oakland,+1-510-555-5151
52,Ruby,Reed,Minneapolis,+1-612-555-5252
53,Steve,Cook,Tulsa,+1-918-555-5353
54,Tracy,Morgan,Wichita,+1-316-555-5454
55,Umar,Bell,New Orleans,+1-504-555-5555
56,Vera,Cooper,Arlington,+1-817-555-5656
57,Will,Richardson,Cleveland,+1-216-555-5757
58,Xander,Cox,Bakersfield,+1-661-555-5858
59,Yvonne,Ward,Tampa,+1-813-555-5959
60,Zane,Peterson,Honolulu,+1-808-555-6060
61,Amy,Bailey,Anaheim,+1-714-555-6161
62,Brian,Rivera,Santa Ana,+1-714-555-6262
63,Chloe,Long,St. Louis,+1-314-555-6363
64,David,Gray,Riverside,+1-951-555-6464
65,Emma,Santiago,Corpus Christi,+1-361-555-6565
66,Fred,James,San Jose,+1-408-555-6666
67,Gina,Morgan,Chandler,+1-480-555-6767
68,Henry,Hughes,Lexington,+1-859-555-6868
69,Iris,Price,Stockton,+1-209-555-6969
70,Jake,Butler,Henderson,+1-702-555-7070
71,Kelly,Bryant,Fort Wayne,+1-260-555-7171
72,Liam,Barnes,St. Paul,+1-651-555-7272
73,Megan,Cole,Santa Clarita,+1-661-555-7373
74,Nick,Patterson,Orlando,+1-407-555-7474
75,Olga,Ramirez,Irving,+1-972-555-7575
76,Peter,Flores,Winston-Salem,+1-336-555-7676
77,Rita,West,Jersey City,+1-201-555-7777
78,Sarah,Simmons,Greensboro,+1-336-555-7878
79,Tom,Foster,Scottsdale,+1-480-555-7979
80,Ulla,Gonzales,Glendale,+1-623-555-8080
81,Vince,Butler,Lincoln,+1-402-555-8181
82,Walt,Russell,Birmingham,+1-205-555-8282
83,Xenia,Griffin,Baton Rouge,+1-225-555-8383
84,Yasmin,Diaz,Hialeah,+1-305-555-8484
85,Zack,Hayes,Ann Arbor,+1-734-555-8585
86,Ava,Myers,Fayetteville,+1-910-555-8686
87,Ben,Ford,Reno,+1-775-555-8787
88,Cindy,Hamilton,Toledo,+1-419-555-8888
89,Dan,Graham,Rochester,+1-585-555-8989
90,Ella,Sullivan,Lubbock,+1-806-555-9090
91,Felix,Wallace,Boise,+1-208-555-9191
92,Gabby,Woods,San Bernardino,+1-909-555-9292
93,Hugo,Coleman,Fremont,+1-510-555-9393
94,Ida,Simmons,Des Moines,+1-515-555-9494
95,Joe,Powell,Richmond,+1-804-555-9595
96,Karl,Peterson,Madison,+1-608-555-9696
97,Lily,Sanders,Chesapeake,+1-757-555-9797
98,Matt,Price,Yonkers,+1-914-555-9898
99,Nora,Bennett,New Haven,+1-203-555-9999
100,Oliver,Foster,Spokane,+1-509-555-1000